PBS ID,Cycle,Queued Time (s),Elapsed Time (s),Executable,APID,Nodes,Wallclock Used,Wallclock Requested,Memory Used,Memory Requested,CPU Time,Read IO,Write IO,Energy,Lustre device,read,written,open,close,create,getattr,setattr,perms,mkdir,rmdir,readdir,link,unlink,rename
4960272,20041101T0000Z,410,9241,,,,,,,,,,,,,,,,,,,,,,,,,,
4969211,20041106T0000Z,67,9249,,,,,,,,,,,,,,,,,,,,,,,,,,
4976342,20041111T0000Z,70,9378,,,,,,,,,,,,,,,,,,,,,,,,,,
4983815,20041116T0000Z,532,9565,,,,,,,,,,,,,,,,,,,,,,,,,,
4992347,20041121T0000Z,51,9397,,,,,,,,,,,,,,,,,,,,,,,,,,
4999427,20041126T0000Z,55,9685,,,,,,,,,,,,,,,,,,,,,,,,,,
5007285,20041201T0000Z,75,9358,,,,,,,,,,,,,,,,,,,,,,,,,,
5014045,20041206T0000Z,78,9354,,,,,,,,,,,,,,,,,,,,,,,,,,
5022450,20041211T0000Z,58082,9391,,,,,,,,,,,,,,,,,,,,,,,,,,
5083692,20041216T0000Z,36601,9232,,,,,,,,,,,,,,,,,,,,,,,,,,
5122158,20041221T0000Z,80,9306,,,,,,,,,,,,,,,,,,,,,,,,,,
5129475,20041226T0000Z,55,9614,,,,,,,,,,,,,,,,,,,,,,,,,,
5136428,20050101T0000Z,4446,9343,,,,,,,,,,,,,,,,,,,,,,,,,,
5146417,20050106T0000Z,68,9309,,,,,,,,,,,,,,,,,,,,,,,,,,
5153452,20050111T0000Z,80,9341,,,,,,,,,,,,,,,,,,,,,,,,,,
5160216,20050116T0000Z,55,9366,,,,,,,,,,,,,,,,,,,,,,,,,,
5167039,20050121T0000Z,44,9372,,,,,,,,,,,,,,,,,,,,,,,,,,
5173820,20050126T0000Z,2948,9966,,,,,,,,,,,,,,,,,,,,,,,,,,
5183882,20050201T0000Z,1310,9288,,,,,,,,,,,,,,,,,,,,,,,,,,
5192331,20050206T0000Z,46,9199,,,,,,,,,,,,,,,,,,,,,,,,,,
5198759,20050211T0000Z,60,9280,um-atmos.exe,65124078.0,202.0,9224.2,64%,12.1T,48%,62.7M,783.4G,822.8G,473.6M,/projects,701.7G,883.2G,3.9k,3.9k,19.0,214.7k,0.0,188.8k,0.0,0.0,0.0,0.0,0.0,0.0
5205197,20050216T0000Z,47,9326,,,,,,,,,,,,,,,,,,,,,,,,,,
5212197,20050221T0000Z,66,9269,,,,,,,,,,,,,,,,,,,,,,,,,,
5219085,20050226T0000Z,70,9628,,,,,,,,,,,,,,,,,,,,,,,,,,
5301608,20050301T0000Z,28611,9265,,,,,,,,,,,,,,,,,,,,,,,,,,
5330676,20050306T0000Z,5621,9337,,,,,,,,,,,,,,,,,,,,,,,,,,
5340629,20050311T0000Z,59,9303,,,,,,,,,,,,,,,,,,,,,,,,,,
5347085,20050316T0000Z,1575,9457,,,,,,,,,,,,,,,,,,,,,,,,,,
5357012,20050321T0000Z,10099,9414,um-atmos.exe,65344021.0,202.0,9276.0,64%,12.1T,48%,63.1M,784.5G,823.6G,477.0M,/projects,701.7G,884.1G,3.9k,3.9k,19.0,214.9k,0.0,188.8k,0.0,0.0,0.0,0.0,0.0,0.0
7941351,20060521T0000Z,50,9674,um-atmos.exe,42874301.0,300.0,6206.9,43%,21.8T,58%,63.9M,838.4G,756.9G,402.8M,/projects,893.2G,812.6G,53,53,3.0,197.0k,0.0,180.7k,0.0,0.0,0.0,0.0,1.0,0.0
7950159,20060526T0000Z,57,9595,,,,,,,,,,,,,,,,,,,,,,,,,,
7957978,20060601T0000Z,4692,9577,,,,,,,,,,,,,,,,,,,,,,,,,,
7971873,20060606T0000Z,8238,9586,,,,,,,,,,,,,,,,,,,,,,,,,,
7989317,20060611T0000Z,69,9725,,,,,,,,,,,,,,,,,,,,,,,,,,
8000052,20060616T0000Z,44,9878,,,,,,,,,,,,,,,,,,,,,,,,,,
8008840,20060621T0000Z,59,9705,,,,,,,,,,,,,,,,,,,,,,,,,,
8019047,20060626T0000Z,66,9558,,,,,,,,,,,,,,,,,,,,,,,,,,
8028541,20060701T0000Z,45,9533,um-atmos.exe,67524730.0,202.0,9475.1,66%,12.1T,48%,64.4M,784.0G,822.9G,485.2M,/projects,702.1G,883.4G,3.9k,3.9k,19.0,214.7k,0.0,188.8k,0.0,0.0,0.0,0.0,0.0,0.0
8037765,20060706T0000Z,63,9412,,,,,,,,,,,,,,,,,,,,,,,,,,
8046713,20060711T0000Z,3227,9663,,,,,,,,,,,,,,,,,,,,,,,,,,
8059970,20060716T0000Z,56,9997,,,,,,,,,,,,,,,,,,,,,,,,,,
8067897,20060721T0000Z,51009,9932,,,,,,,,,,,,,,,,,,,,,,,,,,
8127899,20060726T0000Z,45,9722,,,,,,,,,,,,,,,,,,,,,,,,,,
8135364,20060801T0000Z,61,9803,,,,,,,,,,,,,,,,,,,,,,,,,,
8143918,20060806T0000Z,47,9672,,,,,,,,,,,,,,,,,,,,,,,,,,
8151323,20060811T0000Z,104082,9862,,,,,,,,,,,,,,,,,,,,,,,,,,
8263771,20060816T0000Z,15010,9935,,,,,,,,,,,,,,,,,,,,,,,,,,
8293145,20060821T0000Z,11817,9639,,,,,,,,,,,,,,,,,,,,,,,,,,
8313372,20060826T0000Z,5319,9734,,,,,,,,,,,,,,,,,,,,,,,,,,
8323807,20060901T0000Z,49,9827,,,,,,,,,,,,,,,,,,,,,,,,,,
8331122,20060906T0000Z,51450,9812,,,,,,,,,,,,,,,,,,,,,,,,,,
8384581,20060911T0000Z,63,9732,,,,,,,,,,,,,,,,,,,,,,,,,,
8550744,20060916T0000Z,626,9859,um-atmos.exe,68059226.0,202.0,9795.9,68%,10.8T,43%,66.4M,782.3G,1011.0G,489.1M,/projects,701.7G,1.1T,3.8k,3.8k,1.0,262.9k,0.0,188.3k,0.0,0.0,0.0,0.0,0.0,0.0
8561041,20060921T0000Z,5972,9901,,,,,,,,,,,,,,,,,,,,,,,,,,
8575031,20060926T0000Z,50,9635,,,,,,,,,,,,,,,,,,,,,,,,,,
8584053,20061001T0000Z,47,9494,,,,,,,,,,,,,,,,,,,,,,,,,,
8593813,20061006T0000Z,49489,9621,,,,,,,,,,,,,,,,,,,,,,,,,,
8650358,20061011T0000Z,64,9447,,,,,,,,,,,,,,,,,,,,,,,,,,
8660351,20061016T0000Z,55,9654,,,,,,,,,,,,,,,,,,,,,,,,,,
8671946,20061021T0000Z,126734,9469,,,,,,,,,,,,,,,,,,,,,,,,,,
8812185,20061026T0000Z,61,10835,um-atmos.exe,68355151.0,202.0,10770.8,75%,914.8G,4%,73.2M,781.8G,823.7G,539.2M,/projects,701.7G,884.3G,3.8k,3.8k,3.0,214.9k,0.0,188.4k,0.0,0.0,0.0,0.0,0.0,0.0
8827562,20061101T0000Z,95,9506,,,,,,,,,,,,,,,,,,,,,,,,,,
8836970,20061106T0000Z,45929,9438,,,,,,,,,,,,,,,,,,,,,,,,,,
8894683,20061111T0000Z,121117,9317,,,,,,,,,,,,,,,,,,,,,,,,,,
9034747,20061116T0000Z,210425,9526,,,,,,,,,,,,,,,,,,,,,,,,,,
9264611,20061121T0000Z,104563,9259,,,,,,,,,,,,,,,,,,,,,,,,,,
9412784,20061126T0000Z,45,9283,,,,,,,,,,,,,,,,,,,,,,,,,,
9424619,20061201T0000Z,121,9178,,,,,,,,,,,,,,,,,,,,,,,,,,
9435640,20061206T0000Z,44,9213,,,,,,,,,,,,,,,,,,,,,,,,,,
9448461,20061211T0000Z,62,9220,,,,,,,,,,,,,,,,,,,,,,,,,,
9459841,20061216T0000Z,85495,9656,,,,,,,,,,,,,,,,,,,,,,,,,,
9575249,20061221T0000Z,48,9360,,,,,,,,,,,,,,,,,,,,,,,,,,
9586703,20061226T0000Z,12862,9561,,,,,,,,,,,,,,,,,,,,,,,,,,
9613792,20070101T0000Z,52,9269,,,,,,,,,,,,,,,,,,,,,,,,,,
9623343,20070106T0000Z,57,9395,,,,,,,,,,,,,,,,,,,,,,,,,,
9633130,20070111T0000Z,32181,9340,,,,,,,,,,,,,,,,,,,,,,,,,,
9681333,20070116T0000Z,54,9639,,,,,,,,,,,,,,,,,,,,,,,,,,
9692300,20070121T0000Z,1201,9373,,,,,,,,,,,,,,,,,,,,,,,,,,
9704799,20070126T0000Z,49,9303,,,,,,,,,,,,,,,,,,,,,,,,,,
9714741,20070201T0000Z,2575,9337,,,,,,,,,,,,,,,,,,,,,,,,,,
9728323,20070206T0000Z,54,9254,,,,,,,,,,,,,,,,,,,,,,,,,,
9739855,20070211T0000Z,1395,9291,,,,,,,,,,,,,,,,,,,,,,,,,,
9752773,20070216T0000Z,2038,9619,,,,,,,,,,,,,,,,,,,,,,,,,,
11442,20070221T0000Z,45556,9377,um-atmos.exe,69512096.0,202.0,9320.5,65%,12.1T,48%,63.3M,782.4G,822.9G,477.2M,/projects,701.7G,883.3G,3.8k,3.8k,0.0,214.7k,0.0,188.6k,0.0,0.0,0.0,0.0,0.0,0.0
73925,20070226T0000Z,12231,9325,,,,,,,,,,,,,,,,,,,,,,,,,,
97400,20070301T0000Z,422,9387,,,,,,,,,,,,,,,,,,,,,,,,,,
110474,20070306T0000Z,72,9450,,,,,,,,,,,,,,,,,,,,,,,,,,
123742,20070311T0000Z,53,9315,,,,,,,,,,,,,,,,,,,,,,,,,,
137158,20070316T0000Z,76,9626,,,,,,,,,,,,,,,,,,,,,,,,,,
149218,20070321T0000Z,56,9318,,,,,,,,,,,,,,,,,,,,,,,,,,
161803,20070326T0000Z,55,9361,,,,,,,,,,,,,,,,,,,,,,,,,,
172598,20070401T0000Z,65,9392,,,,,,,,,,,,,,,,,,,,,,,,,,
183379,20070406T0000Z,69119,9352,,,,,,,,,,,,,,,,,,,,,,,,,,
282944,20070411T0000Z,56,9330,,,,,,,,,,,,,,,,,,,,,,,,,,
293359,20070416T0000Z,663,9577,,,,,,,,,,,,,,,,,,,,,,,,,,
305497,20070421T0000Z,44,9350,,,,,,,,,,,,,,,,,,,,,,,,,,
318306,20070426T0000Z,54,9347,um-atmos.exe,69715587.0,202.0,9284.7,64%,12.1T,48%,63.0M,780.8G,822.6G,476.6M,/projects,701.7G,883.0G,3.8k,3.8k,3.0,214.6k,0.0,188.4k,0.0,0.0,0.0,0.0,0.0,0.0
630612,20070501T0000Z,57765,9195,,,,,,,,,,,,,,,,,,,,,,,,,,
714739,20070506T0000Z,71,9261,,,,,,,,,,,,,,,,,,,,,,,,,,
725866,20070511T0000Z,72,11394,um-atmos.exe,70045667.0,202.0,11334.3,79%,1.4T,6%,77.2M,781.4G,822.3G,560.7M,/projects,701.7G,882.7G,3.8k,3.8k,3.0,214.6k,0.0,188.6k,0.0,0.0,0.0,0.0,0.0,0.0
740103,20070516T0000Z,50,9399,,,,,,,,,,,,,,,,,,,,,,,,,,
750969,20070521T0000Z,54,9342,,,,,,,,,,,,,,,,,,,,,,,,,,
762179,20070526T0000Z,53210,9613,,,,,,,,,,,,,,,,,,,,,,,,,,
837090,20070601T0000Z,48,9308,um-atmos.exe,70141358.0,202.0,9253.2,64%,12.1T,48%,62.9M,781.5G,822.6G,478.6M,/projects,702.0G,883.0G,3.9k,3.9k,21.0,214.7k,0.0,188.8k,0.0,0.0,0.0,0.0,0.0,0.0
849266,20070606T0000Z,125,9307,,,,,,,,,,,,,,,,,,,,,,,,,,
863012,20070611T0000Z,2557,9477,um-atmos.exe,70166788.0,202.0,9420.0,65%,12.1T,48%,64.0M,782.0G,823.0G,483.1M,/projects,701.7G,883.5G,3.9k,3.9k,19.0,214.8k,0.0,188.8k,0.0,0.0,0.0,0.0,0.0,0.0
880569,20070616T0000Z,1657,9522,,,,,,,,,,,,,,,,,,,,,,,,,,
895860,20070621T0000Z,58,9478,,,,,,,,,,,,,,,,,,,,,,,,,,
966709,20070626T0000Z,301,10098,um-atmos.exe,70250715.0,202.0,9429.1,65%,11.2T,44%,64.2M,527.3G,822.6G,481.8M,/projects,421.4G,883.1G,3.8k,3.8k,21.0,214.6k,0.0,188.5k,0.0,0.0,0.0,0.0,0.0,0.0
979476,20070701T0000Z,1416,9392,,,,,,,,,,,,,,,,,,,,,,,,,,
994711,20070706T0000Z,49,9321,,,,,,,,,,,,,,,,,,,,,,,,,,
1004727,20070711T0000Z,59,9434,,,,,,,,,,,,,,,,,,,,,,,,,,
1017274,20070716T0000Z,1554,9428,,,,,,,,,,,,,,,,,,,,,,,,,,
1029492,20070721T0000Z,52,9668,,,,,,,,,,,,,,,,,,,,,,,,,,
1039609,20070726T0000Z,923,9379,,,,,,,,,,,,,,,,,,,,,,,,,,
1052389,20070801T0000Z,61,9745,,,,,,,,,,,,,,,,,,,,,,,,,,
1067525,20070806T0000Z,84,9894,um-atmos.exe,70353975.0,202.0,9835.5,68%,10.0T,40%,66.7M,785.2G,822.9G,499.3M,/projects,701.7G,883.3G,3.9k,3.9k,19.0,214.7k,0.0,188.8k,0.0,0.0,0.0,0.0,0.0,0.0
1083619,20070811T0000Z,62,9609,,,,,,,,,,,,,,,,,,,,,,,,,,
1100102,20070816T0000Z,874,9808,,,,,,,,,,,,,,,,,,,,,,,,,,
1117394,20070821T0000Z,2026,10098,um-atmos.exe,70417311.0,202.0,10036.9,70%,4.4T,18%,68.2M,784.8G,1010.6G,509.0M,/projects,701.7G,1.1T,3.8k,3.8k,3.0,262.8k,0.0,188.4k,0.0,0.0,0.0,0.0,0.0,0.0
1136403,20070826T0000Z,93,9926,,,,,,,,,,,,,,,,,,,,,,,,,,
2599315,20070901T0000Z,35182,9293,um-atmos.exe,71873979.0,202.0,9241.7,64%,11.3T,45%,63.1M,525.2G,823.1G,476.0M,/projects,421.4G,883.5G,3.8k,3.8k,21.0,214.7k,0.0,188.5k,0.0,0.0,0.0,0.0,0.0,0.0
2652624,20070906T0000Z,56,9434,,,,,,,,,,,,,,,,,,,,,,,,,,
2665226,20070911T0000Z,62,9506,,,,,,,,,,,,,,,,,,,,,,,,,,
2677930,20070916T0000Z,71,9580,,,,,,,,,,,,,,,,,,,,,,,,,,
2690264,20070921T0000Z,53,9471,,,,,,,,,,,,,,,,,,,,,,,,,,
2701636,20070926T0000Z,52,9564,,,,,,,,,,,,,,,,,,,,,,,,,,
2712640,20071001T0000Z,42,9348,,,,,,,,,,,,,,,,,,,,,,,,,,
2723870,20071006T0000Z,50,9296,,,,,,,,,,,,,,,,,,,,,,,,,,
2735728,20071011T0000Z,64,9421,,,,,,,,,,,,,,,,,,,,,,,,,,
2748337,20071016T0000Z,50,9350,,,,,,,,,,,,,,,,,,,,,,,,,,
2760030,20071021T0000Z,51,9358,,,,,,,,,,,,,,,,,,,,,,,,,,
2771021,20071026T0000Z,49,9541,,,,,,,,,,,,,,,,,,,,,,,,,,
2782724,20071101T0000Z,55,9391,,,,,,,,,,,,,,,,,,,,,,,,,,
2795302,20071106T0000Z,59,9400,,,,,,,,,,,,,,,,,,,,,,,,,,
2807511,20071111T0000Z,58,9334,,,,,,,,,,,,,,,,,,,,,,,,,,
2819957,20071116T0000Z,31,9301,,,,,,,,,,,,,,,,,,,,,,,,,,
2832815,20071121T0000Z,47,9298,um-atmos.exe,72058848.0,202.0,9239.9,64%,12.1T,48%,62.7M,781.8G,823.9G,474.2M,/projects,701.7G,884.4G,3.9k,3.9k,19.0,215.0k,0.0,188.8k,0.0,0.0,0.0,0.0,0.0,0.0
2844373,20071126T0000Z,73,9623,,,,,,,,,,,,,,,,,,,,,,,,,,
2858189,20071201T0000Z,64,9292,,,,,,,,,,,,,,,,,,,,,,,,,,
2868861,20071206T0000Z,52,9191,um-atmos.exe,72090691.0,202.0,9128.4,63%,12.1T,48%,62.0M,781.0G,823.2G,466.8M,/projects,701.7G,883.7G,3.8k,3.8k,3.0,214.8k,0.0,188.4k,0.0,0.0,0.0,0.0,0.0,0.0
2879750,20071211T0000Z,28,9225,,,,,,,,,,,,,,,,,,,,,,,,,,
2892131,20071216T0000Z,61,9229,,,,,,,,,,,,,,,,,,,,,,,,,,
2905467,20071221T0000Z,59,9362,,,,,,,,,,,,,,,,,,,,,,,,,,
2919628,20071226T0000Z,66,9676,,,,,,,,,,,,,,,,,,,,,,,,,,
2934125,20080101T0000Z,1103,9417,,,,,,,,,,,,,,,,,,,,,,,,,,
2950482,20080106T0000Z,75,9365,,,,,,,,,,,,,,,,,,,,,,,,,,
2963461,20080111T0000Z,48,9371,,,,,,,,,,,,,,,,,,,,,,,,,,
2976665,20080116T0000Z,64,9058,um-atmos.exe,72194300.0,202.0,9002.5,63%,12.1T,48%,61.2M,780.4G,823.2G,460.3M,/projects,701.7G,883.6G,3.8k,3.8k,3.0,214.8k,0.0,188.4k,0.0,0.0,0.0,0.0,0.0,0.0
2988769,20080121T0000Z,47,8969,,,,,,,,,,,,,,,,,,,,,,,,,,
3000660,20080126T0000Z,48,9279,,,,,,,,,,,,,,,,,,,,,,,,,,
3160750,20080201T0000Z,664,9014,,,,,,,,,,,,,,,,,,,,,,,,,,
3174004,20080206T0000Z,57,9027,,,,,,,,,,,,,,,,,,,,,,,,,,
3188861,20080211T0000Z,80,9089,,,,,,,,,,,,,,,,,,,,,,,,,,
3202969,20080216T0000Z,51,9040,um-atmos.exe,72411746.0,202.0,8981.0,62%,12.1T,48%,61.0M,782.1G,822.8G,461.5M,/projects,701.7G,883.2G,3.8k,3.8k,2.0,214.7k,0.0,188.3k,0.0,0.0,0.0,0.0,0.0,0.0
3216390,20080221T0000Z,71,9119,um-atmos.exe,72423435.0,202.0,9058.5,63%,12.0T,48%,61.4M,783.7G,823.6G,464.6M,/projects,701.7G,884.1G,3.9k,3.9k,19.0,214.9k,0.0,188.8k,0.0,0.0,0.0,0.0,0.0,0.0
3229682,20080226T0000Z,90,9290,,,,,,,,,,,,,,,,,,,,,,,,,,
3242744,20080301T0000Z,54,9024,,,,,,,,,,,,,,,,,,,,,,,,,,
3254980,20080306T0000Z,56,9018,,,,,,,,,,,,,,,,,,,,,,,,,,
3263158,20080311T0000Z,70,9047,,,,,,,,,,,,,,,,,,,,,,,,,,
3274843,20080316T0000Z,79,9095,,,,,,,,,,,,,,,,,,,,,,,,,,
3285514,20080321T0000Z,73,9017,,,,,,,,,,,,,,,,,,,,,,,,,,
3295830,20080326T0000Z,42,9332,um-atmos.exe,72511154.0,202.0,9272.2,64%,12.0T,48%,62.9M,782.5G,1010.3G,471.3M,/projects,701.7G,1.1T,3.8k,3.8k,3.0,262.7k,0.0,188.4k,0.0,0.0,0.0,0.0,0.0,0.0
3307226,20080401T0000Z,77,9084,um-atmos.exe,72526433.0,202.0,9023.3,63%,12.0T,48%,61.2M,782.2G,823.2G,461.2M,/projects,702.1G,883.7G,3.9k,3.9k,21.0,214.8k,0.0,188.8k,0.0,0.0,0.0,0.0,0.0,0.0
3318806,20080406T0000Z,69,9068,,,,,,,,,,,,,,,,,,,,,,,,,,
3330304,20080411T0000Z,52,9043,,,,,,,,,,,,,,,,,,,,,,,,,,
3339376,20080416T0000Z,24,9022,,,,,,,,,,,,,,,,,,,,,,,,,,
3348450,20080421T0000Z,44,9024,,,,,,,,,,,,,,,,,,,,,,,,,,
3356301,20080426T0000Z,52,9372,,,,,,,,,,,,,,,,,,,,,,,,,,
3370474,20080501T0000Z,68,9075,,,,,,,,,,,,,,,,,,,,,,,,,,
3385863,20080506T0000Z,73,8980,,,,,,,,,,,,,,,,,,,,,,,,,,
3400905,20080511T0000Z,95,9087,,,,,,,,,,,,,,,,,,,,,,,,,,
3414658,20080516T0000Z,62,9152,,,,,,,,,,,,,,,,,,,,,,,,,,
3429018,20080521T0000Z,58,9089,,,,,,,,,,,,,,,,,,,,,,,,,,
3443300,20080526T0000Z,116,9382,,,,,,,,,,,,,,,,,,,,,,,,,,
3800286,20080601T0000Z,169,8997,um-atmos.exe,73006549.0,202.0,8937.7,62%,11.3T,45%,60.9M,522.8G,822.7G,459.2M,/projects,421.3G,883.1G,3.8k,3.8k,19.0,214.6k,0.0,188.5k,0.0,0.0,0.0,0.0,0.0,0.0
3814694,20080606T0000Z,3110,9078,um-atmos.exe,73025450.0,202.0,9021.0,63%,12.1T,48%,61.3M,781.4G,822.4G,465.8M,/projects,701.7G,882.8G,3.8k,3.8k,2.0,214.6k,0.0,188.3k,0.0,0.0,0.0,0.0,0.0,0.0
3833725,20080611T0000Z,73,9174,,,,,,,,,,,,,,,,,,,,,,,,,,
3847163,20080616T0000Z,51,9233,,,,,,,,,,,,,,,,,,,,,,,,,,
3860976,20080621T0000Z,51,9149,um-atmos.exe,73066166.0,202.0,9092.6,63%,12.0T,48%,61.6M,784.7G,822.3G,465.2M,/projects,701.7G,882.7G,3.9k,3.9k,19.0,214.6k,0.0,188.8k,0.0,0.0,0.0,0.0,0.0,0.0
3874416,20080626T0000Z,56,9398,,,,,,,,,,,,,,,,,,,,,,,,,,
3886220,20080701T0000Z,55,9163,,,,,,,,,,,,,,,,,,,,,,,,,,
3898795,20080706T0000Z,51,9196,,,,,,,,,,,,,,,,,,,,,,,,,,
3912914,20080711T0000Z,49933,9152,,,,,,,,,,,,,,,,,,,,,,,,,,
3999118,20080716T0000Z,55,9149,,,,,,,,,,,,,,,,,,,,,,,,,,
4013894,20080721T0000Z,63,9133,,,,,,,,,,,,,,,,,,,,,,,,,,
4026973,20080726T0000Z,64,9416,um-atmos.exe,73224492.0,202.0,9355.8,65%,12.1T,48%,63.4M,783.8G,1009.0G,474.8M,/projects,701.7G,1.1T,3.8k,3.8k,3.0,262.4k,0.0,188.4k,0.0,0.0,0.0,0.0,0.0,0.0
4040514,20080801T0000Z,72,9212,,,,,,,,,,,,,,,,,,,,,,,,,,
4055436,20080806T0000Z,62,9181,um-atmos.exe,73250753.0,202.0,9122.8,63%,12.1T,48%,61.9M,783.7G,822.3G,464.7M,/projects,701.7G,882.7G,3.8k,3.8k,3.0,214.6k,0.0,188.4k,0.0,0.0,0.0,0.0,0.0,0.0
4070158,20080811T0000Z,63,9068,,,,,,,,,,,,,,,,,,,,,,,,,,
4084138,20080816T0000Z,103,9146,,,,,,,,,,,,,,,,,,,,,,,,,,
4164110,20080821T0000Z,817,9236,,,,,,,,,,,,,,,,,,,,,,,,,,
4174866,20080826T0000Z,49,9474,,,,,,,,,,,,,,,,,,,,,,,,,,
4185390,20080901T0000Z,601,9089,um-atmos.exe,73377478.0,202.0,9034.1,63%,12.1T,48%,61.4M,787.2G,823.1G,461.4M,/projects,702.0G,883.6G,3.9k,3.9k,21.0,214.8k,0.0,188.8k,0.0,0.0,0.0,0.0,0.0,0.0
4195770,20080906T0000Z,6441,9160,,,,,,,,,,,,,,,,,,,,,,,,,,
4217226,20080911T0000Z,56,9164,,,,,,,,,,,,,,,,,,,,,,,,,,
4227082,20080916T0000Z,60,9099,,,,,,,,,,,,,,,,,,,,,,,,,,
4237784,20080921T0000Z,58,9244,,,,,,,,,,,,,,,,,,,,,,,,,,
4249932,20080926T0000Z,62,9371,,,,,,,,,,,,,,,,,,,,,,,,,,
4261359,20081001T0000Z,5366,9236,,,,,,,,,,,,,,,,,,,,,,,,,,
4279881,20081006T0000Z,59,9100,,,,,,,,,,,,,,,,,,,,,,,,,,
4289783,20081011T0000Z,48,9143,um-atmos.exe,73493778.0,202.0,9084.1,63%,12.1T,48%,61.7M,784.0G,824.4G,468.2M,/projects,701.7G,884.9G,3.9k,3.9k,19.0,215.1k,0.0,188.8k,0.0,0.0,0.0,0.0,0.0,0.0
4302256,20081016T0000Z,86,9224,,,,,,,,,,,,,,,,,,,,,,,,,,
4315243,20081021T0000Z,79,9068,,,,,,,,,,,,,,,,,,,,,,,,,,
4326992,20081026T0000Z,52,9326,um-atmos.exe,73534119.0,202.0,9256.6,64%,12.1T,48%,62.9M,783.9G,1010.8G,471.9M,/projects,701.7G,1.1T,3.8k,3.8k,3.0,262.8k,0.0,188.4k,0.0,0.0,0.0,0.0,0.0,0.0
4339663,20081101T0000Z,49,9118,,,,,,,,,,,,,,,,,,,,,,,,,,
4352747,20081106T0000Z,64,9131,um-atmos.exe,73561208.0,202.0,9072.5,63%,12.0T,48%,61.4M,784.0G,823.5G,463.4M,/projects,701.7G,884.0G,3.8k,3.8k,3.0,214.9k,0.0,188.4k,0.0,0.0,0.0,0.0,0.0,0.0
4365103,20081111T0000Z,58,9068,,,,,,,,,,,,,,,,,,,,,,,,,,
4377721,20081116T0000Z,83,9110,um-atmos.exe,73587129.0,202.0,9056.2,63%,12.1T,48%,61.5M,782.8G,823.3G,464.0M,/projects,701.7G,883.8G,3.8k,3.8k,3.0,214.8k,0.0,188.4k,0.0,0.0,0.0,0.0,0.0,0.0
4390084,20081121T0000Z,52,9155,,,,,,,,,,,,,,,,,,,,,,,,,,
4403633,20081126T0000Z,45,9400,um-atmos.exe,73614600.0,202.0,9335.7,65%,12.1T,48%,63.4M,780.8G,1011.2G,477.4M,/projects,701.7G,1.1T,3.8k,3.8k,3.0,262.9k,0.0,188.4k,0.0,0.0,0.0,0.0,0.0,0.0
4416044,20081201T0000Z,57,9101,um-atmos.exe,73627774.0,202.0,9042.8,63%,12.0T,48%,61.3M,784.7G,823.8G,464.3M,/projects,702.0G,884.4G,3.9k,3.9k,21.0,215.0k,0.0,188.8k,0.0,0.0,0.0,0.0,0.0,0.0
4427997,20081206T0000Z,50,9145,,,,,,,,,,,,,,,,,,,,,,,,,,
4439629,20081211T0000Z,44,9098,,,,,,,,,,,,,,,,,,,,,,,,,,
4451782,20081216T0000Z,60,9057,,,,,,,,,,,,,,,,,,,,,,,,,,
4463259,20081221T0000Z,62,9149,,,,,,,,,,,,,,,,,,,,,,,,,,
4475481,20081226T0000Z,62,9325,um-atmos.exe,73687550.0,202.0,9268.7,64%,12.0T,48%,62.8M,780.8G,1010.2G,467.3M,/projects,701.7G,1.1T,3.8k,3.8k,3.0,262.7k,0.0,188.4k,0.0,0.0,0.0,0.0,0.0,0.0
4488645,20090101T0000Z,59,9031,,,,,,,,,,,,,,,,,,,,,,,,,,
4499618,20090106T0000Z,57,9236,,,,,,,,,,,,,,,,,,,,,,,,,,
4513610,20090111T0000Z,75,9160,,,,,,,,,,,,,,,,,,,,,,,,,,
4526895,20090116T0000Z,91,9207,,,,,,,,,,,,,,,,,,,,,,,,,,
4540125,20090121T0000Z,60,9090,,,,,,,,,,,,,,,,,,,,,,,,,,
4552837,20090126T0000Z,52,9432,,,,,,,,,,,,,,,,,,,,,,,,,,
4566892,20090201T0000Z,62,9157,,,,,,,,,,,,,,,,,,,,,,,,,,
4578858,20090206T0000Z,63,9212,,,,,,,,,,,,,,,,,,,,,,,,,,
4589764,20090211T0000Z,62,9164,,,,,,,,,,,,,,,,,,,,,,,,,,
4602128,20090216T0000Z,44,9057,,,,,,,,,,,,,,,,,,,,,,,,,,
4612967,20090221T0000Z,28543,8993,um-atmos.exe,73906026.0,202.0,8927.4,62%,12.1T,48%,60.6M,784.6G,822.6G,456.4M,/projects,701.7G,883.0G,3.9k,3.9k,19.0,214.7k,0.0,188.8k,0.0,0.0,0.0,0.0,0.0,0.0
4665804,20090226T0000Z,7585,9290,,,,,,,,,,,,,,,,,,,,,,,,,,
6167217,20090301T0000Z,58312,8897,,,,,,,,,,,,,,,,,,,,,,,,,,
6240002,20090306T0000Z,41302,9066,,,,,,,,,,,,,,,,,,,,,,,,,,
6304153,20090311T0000Z,10855,8970,,,,,,,,,,,,,,,,,,,,,,,,,,
6327581,20090316T0000Z,60,8913,,,,,,,,,,,,,,,,,,,,,,,,,,
6338645,20090321T0000Z,49,8994,,,,,,,,,,,,,,,,,,,,,,,,,,
6349701,20090326T0000Z,49,9378,,,,,,,,,,,,,,,,,,,,,,,,,,
6362018,20090401T0000Z,50,9128,,,,,,,,,,,,,,,,,,,,,,,,,,
6374149,20090406T0000Z,55,9107,,,,,,,,,,,,,,,,,,,,,,,,,,
6386912,20090411T0000Z,92,8980,,,,,,,,,,,,,,,,,,,,,,,,,,
6399996,20090416T0000Z,51,8991,,,,,,,,,,,,,,,,,,,,,,,,,,
6411008,20090421T0000Z,58,8982,,,,,,,,,,,,,,,,,,,,,,,,,,
6421099,20090426T0000Z,48,9310,,,,,,,,,,,,,,,,,,,,,,,,,,
6430504,20090501T0000Z,55,9038,,,,,,,,,,,,,,,,,,,,,,,,,,
6440932,20090506T0000Z,59,8939,,,,,,,,,,,,,,,,,,,,,,,,,,
6451085,20090511T0000Z,971,9433,,,,,,,,,,,,,,,,,,,,,,,,,,
6461126,20090516T0000Z,610,8933,,,,,,,,,,,,,,,,,,,,,,,,,,
6469638,20090521T0000Z,156,8870,,,,,,,,,,,,,,,,,,,,,,,,,,
6478069,20090526T0000Z,1031,9149,,,,,,,,,,,,,,,,,,,,,,,,,,
6487527,20090601T0000Z,59,8910,,,,,,,,,,,,,,,,,,,,,,,,,,
6492863,20090606T0000Z,18,8935,,,,,,,,,,,,,,,,,,,,,,,,,,
6500711,20090611T0000Z,13471,9034,,,,,,,,,,,,,,,,,,,,,,,,,,
6513718,20090616T0000Z,408,9008,,,,,,,,,,,,,,,,,,,,,,,,,,
6524596,20090621T0000Z,244701,9028,,,,,,,,,,,,,,,,,,,,,,,,,,
6808021,20090626T0000Z,83,9314,,,,,,,,,,,,,,,,,,,,,,,,,,
6820403,20090701T0000Z,59,8990,,,,,,,,,,,,,,,,,,,,,,,,,,
6833467,20090706T0000Z,55,9059,,,,,,,,,,,,,,,,,,,,,,,,,,
6846770,20090711T0000Z,61,9181,um-atmos.exe,77076972.0,202.0,9123.2,63%,12.1T,48%,62.0M,781.5G,823.1G,463.6M,/projects,701.7G,883.6G,3.9k,3.9k,19.0,214.8k,0.0,188.8k,0.0,0.0,0.0,0.0,0.0,0.0
6860556,20090716T0000Z,43,9103,um-atmos.exe,77093512.0,202.0,9039.7,63%,12.1T,48%,61.4M,782.9G,822.1G,459.9M,/projects,701.7G,882.5G,3.8k,3.8k,3.0,214.5k,0.0,188.4k,0.0,0.0,0.0,0.0,0.0,0.0
6872858,20090721T0000Z,57,9079,,,,,,,,,,,,,,,,,,,,,,,,,,
6884452,20090726T0000Z,63,9379,um-atmos.exe,77125382.0,202.0,9323.4,65%,12.1T,48%,63.3M,783.0G,1008.9G,473.0M,/projects,701.7G,1.1T,3.8k,3.8k,3.0,262.3k,0.0,188.4k,0.0,0.0,0.0,0.0,0.0,0.0
6896004,20090801T0000Z,5349,9006,,,,,,,,,,,,,,,,,,,,,,,,,,
6937093,20090806T0000Z,466,9110,,,,,,,,,,,,,,,,,,,,,,,,,,
6948972,20090811T0000Z,38490,9141,,,,,,,,,,,,,,,,,,,,,,,,,,
7009906,20090816T0000Z,6933,9133,,,,,,,,,,,,,,,,,,,,,,,,,,
7033442,20090821T0000Z,62,9085,,,,,,,,,,,,,,,,,,,,,,,,,,
7045126,20090826T0000Z,113,9466,,,,,,,,,,,,,,,,,,,,,,,,,,
9755649,20090901T0000Z,185747,9242,,,,,,,,,,,,,,,,,,,,,,,,,,
9967043,20090906T0000Z,143,9258,,,,,,,,,,,,,,,,,,,,,,,,,,
9980252,20090911T0000Z,56,9310,,,,,,,,,,,,,,,,,,,,,,,,,,
9993718,20090916T0000Z,58,9192,,,,,,,,,,,,,,,,,,,,,,,,,,
4128,20090921T0000Z,38,9211,,,,,,,,,,,,,,,,,,,,,,,,,,
15928,20090926T0000Z,58,9567,,,,,,,,,,,,,,,,,,,,,,,,,,
28016,20091001T0000Z,66,9210,,,,,,,,,,,,,,,,,,,,,,,,,,
39426,20091006T0000Z,56,9215,,,,,,,,,,,,,,,,,,,,,,,,,,
50805,20091011T0000Z,52,9296,um-atmos.exe,81092406.0,202.0,9163.2,64%,12.1T,48%,62.2M,783.9G,823.2G,464.9M,/projects,701.7G,883.7G,3.9k,3.9k,18.0,214.8k,0.0,188.8k,0.0,0.0,0.0,0.0,0.0,0.0
241582,20091016T0000Z,2466,9577,,,,,,,,,,,,,,,,,,,,,,,,,,
254401,20091021T0000Z,61,9141,,,,,,,,,,,,,,,,,,,,,,,,,,
264129,20091026T0000Z,99,9336,,,,,,,,,,,,,,,,,,,,,,,,,,
274402,20091101T0000Z,86,9079,,,,,,,,,,,,,,,,,,,,,,,,,,
284758,20091106T0000Z,95,9034,,,,,,,,,,,,,,,,,,,,,,,,,,
296116,20091111T0000Z,90,9037,,,,,,,,,,,,,,,,,,,,,,,,,,
304435,20091116T0000Z,761,9139,,,,,,,,,,,,,,,,,,,,,,,,,,
315114,20091121T0000Z,57,9193,,,,,,,,,,,,,,,,,,,,,,,,,,
324441,20091126T0000Z,65,9427,,,,,,,,,,,,,,,,,,,,,,,,,,
335435,20091201T0000Z,43,9158,,,,,,,,,,,,,,,,,,,,,,,,,,
347915,20091206T0000Z,39294,9185,,,,,,,,,,,,,,,,,,,,,,,,,,
418871,20091211T0000Z,56,9036,,,,,,,,,,,,,,,,,,,,,,,,,,
433682,20091216T0000Z,76,9095,,,,,,,,,,,,,,,,,,,,,,,,,,
446372,20091221T0000Z,30503,9027,um-atmos.exe,81552984.0,202.0,8846.4,61%,12.0T,48%,60.0M,781.9G,823.5G,453.8M,/projects,0,884.0G,3.9k,3.9k,19.0,214.9k,0.0,188.8k,0.0,0.0,0.0,0.0,0.0,0.0
512857,20091226T0000Z,272929,9351,,,,,,,,,,,,,,,,,,,,,,,,,,
